{"cameraMode":{"drawMode":0,"name":"Shaded","section":"Shading Mode"},"sceneLighting":false,"audioPlay":false,"sceneViewState":{"showFog":true,"showMaterialUpdate":false,"showSkybox":true,"showFlares":true,"showImageEffects":true,"showParticleSystems":true},"in2DMode":false,"pivot":{"x":-116.09886169433594,"y":9.710395812988282,"z":2.6428375244140627},"rotation":{"x":0.04985494166612625,"y":0.9416126608848572,"z":-0.29159000515937807,"w":0.16089068353176118},"size":48.48450469970703,"orthographic":false}