{"cameraMode":{"drawMode":0,"name":"Shaded","section":"Shading Mode"},"sceneLighting":false,"audioPlay":false,"sceneViewState":{"showFog":true,"showMaterialUpdate":false,"showSkybox":true,"showFlares":true,"showImageEffects":true,"showParticleSystems":true},"in2DMode":false,"pivot":{"x":1022.2991943359375,"y":-117.57986450195313,"z":4.52490234375},"rotation":{"x":0.010777939110994339,"y":-0.0713791698217392,"z":0.000848808791488409,"w":0.9974061846733093},"size":666.7978515625,"orthographic":false}