{"cameraMode":{"drawMode":0,"name":"Shaded","section":"Shading Mode"},"sceneLighting":false,"audioPlay":false,"sceneViewState":{"showFog":true,"showMaterialUpdate":false,"showSkybox":true,"showFlares":true,"showImageEffects":true,"showParticleSystems":true},"in2DMode":false,"pivot":{"x":-148.10000610351563,"y":86.80000305175781,"z":0.0},"rotation":{"x":0.0056402119807899,"y":0.9418550729751587,"z":-0.33561939001083376,"w":0.015826357528567315},"size":62.71282958984375,"orthographic":false}