{"cameraMode":{"drawMode":0,"name":"Shaded","section":"Shading Mode"},"sceneLighting":false,"audioPlay":false,"sceneViewState":{"showFog":true,"showMaterialUpdate":false,"showSkybox":true,"showFlares":true,"showImageEffects":true,"showParticleSystems":true},"in2DMode":false,"pivot":{"x":-90.87188720703125,"y":17.45946502685547,"z":-42.47444152832031},"rotation":{"x":0.1471984088420868,"y":-0.11783269792795181,"z":0.017748739570379258,"w":0.9819175601005554},"size":205.21156311035157,"orthographic":false}